{
    "ventas":[
        {"producto":"Cripetas","2001":{"Ene":123 ,"Feb":12 ,"Mar":34 ,"Abr":567 ,"May":368 ,"Jun":13 ,"Jul":8 ,"Ago":645 ,"Sep":52 ,"Oct":45 ,"Nov":143 ,"Dic":375},
                               "2002":{"Ene":123 ,"Feb":12 ,"Mar":34 ,"Abr":567 ,"May":368 ,"Jun":13 ,"Jul":8 ,"Ago":645 ,"Sep":52 ,"Oct":45 ,"Nov":143 ,"Dic":375}},
        {"producto":"Gaseosas","2001":{"Ene":123 ,"Feb":12 ,"Mar":34 ,"Abr":567 ,"May":368 ,"Jun":13 ,"Jul":8 ,"Ago":645 ,"Sep":52 ,"Oct":45 ,"Nov":143 ,"Dic":375},
                               "2002":{"Ene":123 ,"Feb":12 ,"Mar":34 ,"Abr":567 ,"May":368 ,"Jun":13 ,"Jul":8 ,"Ago":645 ,"Sep":52 ,"Oct":45 ,"Nov":143 ,"Dic":375}},
        {"producto":"Perros Calientes","2001":{"Ene":123 ,"Feb":12 ,"Mar":34 ,"Abr":567 ,"May":368 ,"Jun":13 ,"Jul":8 ,"Ago":645 ,"Sep":52 ,"Oct":45 ,"Nov":143 ,"Dic":375},
                               "2002":{"Ene":123 ,"Feb":12 ,"Mar":34 ,"Abr":567 ,"May":368 ,"Jun":13 ,"Jul":8 ,"Ago":645 ,"Sep":52 ,"Oct":45 ,"Nov":143 ,"Dic":375}}
    ]
}

