{
    "productos": [
        "Gaseosas",
        "Crispetas",
        "HotDog",
        "Gomitas",
        "Chocolates",
        "Helados",
        "Nachos",
        "Cafe",
        "Dulces",
        "Churros"
    ],
    "meses": [
        "ENE",
        "FEB",
        "MAR",
        "ABR",
        "MAY",
        "JUN",
        "JUL",
        "AGO",
        "SEP",
        "OCT",
        "NOV",
        "DIC"
    ],
    "ventas": {
        "Gaseosas": {
            "2020": {
                "ENE": 1031,
                "FEB": 1067,
                "MAR": 1379,
                "ABR": 1803,
                "MAY": 2000,
                "JUN": 1939,
                "JUL": 1110,
                "AGO": 1542,
                "SEP": 1075,
                "OCT": 1543,
                "NOV": 1505,
                "DIC": 1707
            },
            "2021": {
                "ENE": 1798,
                "FEB": 1407,
                "MAR": 1104,
                "ABR": 1508,
                "MAY": 1122,
                "JUN": 1473,
                "JUL": 1309,
                "AGO": 1430,
                "SEP": 1618,
                "OCT": 1472,
                "NOV": 1825,
                "DIC": 1122
            },
            "2022": {
                "ENE": 1757,
                "FEB": 1353,
                "MAR": 1955,
                "ABR": 1437,
                "MAY": 1297,
                "JUN": 1139,
                "JUL": 1327,
                "AGO": 1363,
                "SEP": 1181,
                "OCT": 1290,
                "NOV": 1004,
                "DIC": 1356
            },
            "2023": {
                "ENE": 1012,
                "FEB": 1316,
                "MAR": 1667,
                "ABR": 1074,
                "MAY": 1075,
                "JUN": 1143,
                "JUL": 1358,
                "AGO": 1243,
                "SEP": 1894,
                "OCT": 1239,
                "NOV": 1745,
                "DIC": 1873
            }
        },
        "Crispetas": {
            "2020": {
                "ENE": 2908,
                "FEB": 2873,
                "MAR": 2713,
                "ABR": 2830,
                "MAY": 2594,
                "JUN": 2984,
                "JUL": 3000,
                "AGO": 2525,
                "SEP": 2671,
                "OCT": 2679,
                "NOV": 2845,
                "DIC": 2943
            },
            "2021": {
                "ENE": 2869,
                "FEB": 2899,
                "MAR": 2890,
                "ABR": 2848,
                "MAY": 2740,
                "JUN": 2920,
                "JUL": 2613,
                "AGO": 2585,
                "SEP": 2979,
                "OCT": 2628,
                "NOV": 2943,
                "DIC": 2846
            },
            "2022": {
                "ENE": 2619,
                "FEB": 2878,
                "MAR": 2502,
                "ABR": 2820,
                "MAY": 2740,
                "JUN": 2944,
                "JUL": 2766,
                "AGO": 2994,
                "SEP": 2759,
                "OCT": 2843,
                "NOV": 2922,
                "DIC": 2627
            },
            "2023": {
                "ENE": 2820,
                "FEB": 2784,
                "MAR": 2967,
                "ABR": 2664,
                "MAY": 2856,
                "JUN": 2706,
                "JUL": 2624,
                "AGO": 2707,
                "SEP": 2655,
                "OCT": 2846,
                "NOV": 2987,
                "DIC": 2892
            }
        },
        "HotDog": {
            "2020": {
                "ENE": 415,
                "FEB": 474,
                "MAR": 480,
                "ABR": 198,
                "MAY": 450,
                "JUN": 317,
                "JUL": 194,
                "AGO": 261,
                "SEP": 116,
                "OCT": 363,
                "NOV": 233,
                "DIC": 500
            },
            "2021": {
                "ENE": 201,
                "FEB": 491,
                "MAR": 413,
                "ABR": 365,
                "MAY": 119,
                "JUN": 377,
                "JUL": 329,
                "AGO": 262,
                "SEP": 274,
                "OCT": 418,
                "NOV": 395,
                "DIC": 128
            },
            "2022": {
                "ENE": 438,
                "FEB": 195,
                "MAR": 133,
                "ABR": 495,
                "MAY": 326,
                "JUN": 332,
                "JUL": 231,
                "AGO": 448,
                "SEP": 376,
                "OCT": 155,
                "NOV": 246,
                "DIC": 401
            },
            "2023": {
                "ENE": 328,
                "FEB": 300,
                "MAR": 236,
                "ABR": 496,
                "MAY": 228,
                "JUN": 152,
                "JUL": 477,
                "AGO": 292,
                "SEP": 112,
                "OCT": 270,
                "NOV": 110,
                "DIC": 310
            }
        },
        "Gomitas": {
            "2020": {
                "ENE": 104,
                "FEB": 490,
                "MAR": 218,
                "ABR": 183,
                "MAY": 359,
                "JUN": 380,
                "JUL": 332,
                "AGO": 136,
                "SEP": 428,
                "OCT": 196,
                "NOV": 415,
                "DIC": 356
            },
            "2021": {
                "ENE": 439,
                "FEB": 111,
                "MAR": 437,
                "ABR": 283,
                "MAY": 143,
                "JUN": 490,
                "JUL": 284,
                "AGO": 226,
                "SEP": 415,
                "OCT": 322,
                "NOV": 291,
                "DIC": 128
            },
            "2022": {
                "ENE": 301,
                "FEB": 319,
                "MAR": 378,
                "ABR": 381,
                "MAY": 176,
                "JUN": 327,
                "JUL": 372,
                "AGO": 390,
                "SEP": 153,
                "OCT": 476,
                "NOV": 175,
                "DIC": 185
            },
            "2023": {
                "ENE": 428,
                "FEB": 489,
                "MAR": 240,
                "ABR": 350,
                "MAY": 401,
                "JUN": 469,
                "JUL": 343,
                "AGO": 363,
                "SEP": 452,
                "OCT": 117,
                "NOV": 270,
                "DIC": 466
            }
        },
        "Chocolates": {
            "2020": {
                "ENE": 312,
                "FEB": 186,
                "MAR": 227,
                "ABR": 200,
                "MAY": 262,
                "JUN": 239,
                "JUL": 360,
                "AGO": 177,
                "SEP": 246,
                "OCT": 475,
                "NOV": 440,
                "DIC": 226
            },
            "2021": {
                "ENE": 183,
                "FEB": 382,
                "MAR": 429,
                "ABR": 486,
                "MAY": 105,
                "JUN": 321,
                "JUL": 369,
                "AGO": 157,
                "SEP": 375,
                "OCT": 449,
                "NOV": 322,
                "DIC": 471
            },
            "2022": {
                "ENE": 372,
                "FEB": 294,
                "MAR": 462,
                "ABR": 296,
                "MAY": 377,
                "JUN": 444,
                "JUL": 204,
                "AGO": 331,
                "SEP": 166,
                "OCT": 250,
                "NOV": 257,
                "DIC": 460
            },
            "2023": {
                "ENE": 285,
                "FEB": 489,
                "MAR": 124,
                "ABR": 204,
                "MAY": 431,
                "JUN": 173,
                "JUL": 283,
                "AGO": 252,
                "SEP": 379,
                "OCT": 357,
                "NOV": 362,
                "DIC": 355
            }
        },
        "Helados": {
            "2020": {
                "ENE": 30,
                "FEB": 20,
                "MAR": 24,
                "ABR": 29,
                "MAY": 24,
                "JUN": 29,
                "JUL": 22,
                "AGO": 14,
                "SEP": 29,
                "OCT": 30,
                "NOV": 14,
                "DIC": 26
            },
            "2021": {
                "ENE": 30,
                "FEB": 18,
                "MAR": 21,
                "ABR": 23,
                "MAY": 20,
                "JUN": 16,
                "JUL": 23,
                "AGO": 15,
                "SEP": 11,
                "OCT": 12,
                "NOV": 18,
                "DIC": 24
            },
            "2022": {
                "ENE": 11,
                "FEB": 13,
                "MAR": 23,
                "ABR": 20,
                "MAY": 17,
                "JUN": 23,
                "JUL": 15,
                "AGO": 14,
                "SEP": 12,
                "OCT": 12,
                "NOV": 23,
                "DIC": 20
            },
            "2023": {
                "ENE": 17,
                "FEB": 10,
                "MAR": 20,
                "ABR": 23,
                "MAY": 12,
                "JUN": 25,
                "JUL": 23,
                "AGO": 10,
                "SEP": 25,
                "OCT": 10,
                "NOV": 25,
                "DIC": 17
            }
        },
        "Nachos": {
            "2020": {
                "ENE": 457,
                "FEB": 195,
                "MAR": 223,
                "ABR": 126,
                "MAY": 237,
                "JUN": 164,
                "JUL": 411,
                "AGO": 419,
                "SEP": 466,
                "OCT": 376,
                "NOV": 404,
                "DIC": 169
            },
            "2021": {
                "ENE": 353,
                "FEB": 402,
                "MAR": 251,
                "ABR": 423,
                "MAY": 235,
                "JUN": 212,
                "JUL": 212,
                "AGO": 371,
                "SEP": 438,
                "OCT": 287,
                "NOV": 469,
                "DIC": 106
            },
            "2022": {
                "ENE": 484,
                "FEB": 275,
                "MAR": 486,
                "ABR": 183,
                "MAY": 405,
                "JUN": 199,
                "JUL": 329,
                "AGO": 330,
                "SEP": 425,
                "OCT": 199,
                "NOV": 406,
                "DIC": 134
            },
            "2023": {
                "ENE": 112,
                "FEB": 171,
                "MAR": 429,
                "ABR": 380,
                "MAY": 297,
                "JUN": 209,
                "JUL": 350,
                "AGO": 198,
                "SEP": 149,
                "OCT": 238,
                "NOV": 353,
                "DIC": 118
            }
        },
        "Cafe": {
            "2020": {
                "ENE": 124,
                "FEB": 264,
                "MAR": 185,
                "ABR": 340,
                "MAY": 339,
                "JUN": 353,
                "JUL": 401,
                "AGO": 166,
                "SEP": 434,
                "OCT": 217,
                "NOV": 239,
                "DIC": 151
            },
            "2021": {
                "ENE": 245,
                "FEB": 168,
                "MAR": 203,
                "ABR": 145,
                "MAY": 311,
                "JUN": 464,
                "JUL": 313,
                "AGO": 107,
                "SEP": 289,
                "OCT": 342,
                "NOV": 362,
                "DIC": 341
            },
            "2022": {
                "ENE": 109,
                "FEB": 191,
                "MAR": 161,
                "ABR": 471,
                "MAY": 189,
                "JUN": 259,
                "JUL": 276,
                "AGO": 419,
                "SEP": 124,
                "OCT": 185,
                "NOV": 370,
                "DIC": 464
            },
            "2023": {
                "ENE": 354,
                "FEB": 195,
                "MAR": 179,
                "ABR": 158,
                "MAY": 271,
                "JUN": 468,
                "JUL": 100,
                "AGO": 430,
                "SEP": 170,
                "OCT": 195,
                "NOV": 390,
                "DIC": 345
            }
        },
        "Dulces": {
            "2020": {
                "ENE": 293,
                "FEB": 469,
                "MAR": 292,
                "ABR": 289,
                "MAY": 341,
                "JUN": 426,
                "JUL": 365,
                "AGO": 172,
                "SEP": 428,
                "OCT": 130,
                "NOV": 183,
                "DIC": 476
            },
            "2021": {
                "ENE": 175,
                "FEB": 304,
                "MAR": 174,
                "ABR": 419,
                "MAY": 179,
                "JUN": 156,
                "JUL": 425,
                "AGO": 235,
                "SEP": 159,
                "OCT": 279,
                "NOV": 176,
                "DIC": 163
            },
            "2022": {
                "ENE": 406,
                "FEB": 412,
                "MAR": 173,
                "ABR": 180,
                "MAY": 367,
                "JUN": 338,
                "JUL": 204,
                "AGO": 291,
                "SEP": 177,
                "OCT": 354,
                "NOV": 418,
                "DIC": 401
            },
            "2023": {
                "ENE": 202,
                "FEB": 236,
                "MAR": 460,
                "ABR": 112,
                "MAY": 394,
                "JUN": 421,
                "JUL": 136,
                "AGO": 133,
                "SEP": 299,
                "OCT": 334,
                "NOV": 318,
                "DIC": 200
            }
        },
        "Churros": {
            "2020": {
                "ENE": 205,
                "FEB": 484,
                "MAR": 201,
                "ABR": 371,
                "MAY": 340,
                "JUN": 480,
                "JUL": 346,
                "AGO": 202,
                "SEP": 119,
                "OCT": 463,
                "NOV": 208,
                "DIC": 286
            },
            "2021": {
                "ENE": 248,
                "FEB": 143,
                "MAR": 295,
                "ABR": 395,
                "MAY": 493,
                "JUN": 440,
                "JUL": 403,
                "AGO": 205,
                "SEP": 372,
                "OCT": 355,
                "NOV": 349,
                "DIC": 284
            },
            "2022": {
                "ENE": 295,
                "FEB": 406,
                "MAR": 139,
                "ABR": 416,
                "MAY": 472,
                "JUN": 152,
                "JUL": 350,
                "AGO": 400,
                "SEP": 171,
                "OCT": 236,
                "NOV": 229,
                "DIC": 289
            },
            "2023": {
                "ENE": 311,
                "FEB": 334,
                "MAR": 202,
                "ABR": 124,
                "MAY": 391,
                "JUN": 452,
                "JUL": 237,
                "AGO": 198,
                "SEP": 136,
                "OCT": 246,
                "NOV": 315,
                "DIC": 253
            }
        }
    }
}